feat,lrp
A,0.012191713167649706
C,0.01000380022178733
T,0.013413686026358384
G,0.022844291677702504
TFs and others_HNF1B,0.011824535131800823
TFs and others_MEN1,0.0009143120432517404
TFs and others_ASCL1,0.0006706624500300396
TFs and others_Pan-acetyllysine,0.0006787672432788114
TFs and others_CSF1R,0.0005489611026992257
TFs and others_CREBL2,0.00031334668714903206
Histone_H2A.XS139ph,0.0002152397023409248
TFs and others_HNRNPC,6.944314471264079e-05
Histone_H4K16ac,9.15100346829254e-05
TFs and others_BCL6,8.733400906016237e-05
TFs and others_LDB1,2.723544025391011e-05
TFs and others_HMGN1,6.718513237086921e-06
TFs and others_GATAD2B,3.356113480072157e-05
TFs and others_SUMO2,0.00012051266953920403
TFs and others_ZMYND8,5.680804211465065e-05
TFs and others_ZZZ3,2.9496156600249563e-05
TFs and others_NFYB,9.105625342596658e-05
TFs and others_DNMT3A,9.004183080777224e-05
TFs and others_BCL10,6.141255045105686e-05
TFs and others_SFPQ,0.00015446382512255007
Histone_H3R26cit,5.873606209060451e-05
TFs and others_ZBTB10,1.7402952661002047e-05
TFs and others_KDM5B,5.827306702256162e-05
TFs and others_MBD3,9.132808338913088e-05
TFs and others_GATA6,0.00012207084164010557
TFs and others_RUVBL2,3.492167601872209e-05
TFs and others_GATAD2A,9.52362226888538e-05
Histone_H3K9K14ac,0.0003102510248013446
TFs and others_NOTCH3,0.00010354985948255728
TFs and others_KDM1A,4.816216812585033e-05
TFs and others_HOXA6,0.0002416796203964866
TFs and others_FOXA1,0.0007776909562224253
TFs and others_CSNK2A1,0.0002215447703569021
TFs and others_BCL11A,3.977642824673413e-05
TFs and others_IGF1,1.969074091356947e-05
TFs and others_MEF2B,1.7749492571219926e-05
TFs and others_DRAP1,5.170786757903821e-06
TFs and others_TOP2A,-6.874903312587617e-07
TFs and others_HDAC3,-4.777573201960889e-06
TFs and others_LHX4,-1.4604647118151767e-06
TFs and others_NR1I2,6.456772850713532e-06
TFs and others_HNF4G,2.338146095914862e-05
TFs and others_MYNN,9.758357550064716e-06
TFs and others_ZNF217,1.787723733844811e-05
Histone_H3.3 K27M mutant,2.399621861260812e-05
RNA polymerase_POLR2M,6.696178514198162e-06
TFs and others_HES5,-1.7866127763222373e-05
TFs and others_GLYR1,-3.365633345065877e-05
TFs and others_ZBTB48,-7.695418553288641e-05
TFs and others_TSC1,1.3574226311347379e-05
RNA polymerase_POLR2B,0.0006865732065991687
Histone_H3K27me3,0.001938424987815942
Histone_H2BK20ac,0.0005477587576365075
Histone_H2AK120Ub,5.861027498869051e-05
TFs and others_NCOA3,0.00044537955667098446
TFs and others_Epitope tags,0.0016741205633970858
TFs and others_NFE2L1,0.0005346132649998095
TFs and others_LCORL,4.1725361470992256e-05
TFs and others_SMARCA1,3.671365135395418e-05
TFs and others_MLL-AF4,3.6319029595795855e-05
TFs and others_CDK6,3.967035560434097e-05
Histone_H2BK120ac,5.969732432866978e-05
TFs and others_JUN,5.1339142873407716e-05
TFs and others_KMT2B,2.473542914282368e-05
TFs and others_LIG4,4.819435404354826e-06
Histone_H3K9me1,8.277122537602272e-06
TFs and others_RAD51,8.363700697750054e-06
TFs and others_PDX1,1.9742548037231473e-05
TFs and others_LMO2,8.872910032852812e-06
TFs and others_KLF6,5.845070929427023e-06
TFs and others_SIRT7,2.1106589112343284e-06
TFs and others_F2RL1,8.06661983945777e-07
TFs and others_MTF1,6.772682471998309e-07
TFs and others_BRF2,1.0740202060758362e-06
TFs and others_CHD4,5.315064068022838e-06
TFs and others_TAF3,1.0735806926485713e-05
TFs and others_ZSCAN5A,3.300215583760094e-06
TFs and others_SAG,7.872350170954149e-07
TFs and others_SON,1.075231326526461e-06
TFs and others_U2AF2,2.812645637349262e-05
TFs and others_GATA2,5.510179601065318e-05
TFs and others_HOXA5,3.403700470902784e-05
TFs and others_NFATC1,0.0001788591380934264
TFs and others_HOXB13,0.0030477522567197548
DNase-seq_DNase-Seq,0.009038962216175101
TFs and others_SLBP,0.0023700308817946733
TFs and others_PADI2,0.0001413832213361183
TFs and others_ORC1,0.00012511990316677507
TFs and others_NCOA1,0.00011203444195531202
TFs and others_HNRNPK,0.0005660274796841407
Histone_H3K79me2,0.0017982077177815074
TFs and others_MYH11,0.0005420605938403986
TFs and others_NXF1,4.407792549431234e-05
TFs and others_MAP1LC3B,3.152640924569302e-05
TFs and others_PSIP1,3.3605874376039496e-05
TFs and others_STAT6,2.399109093274694e-05
TFs and others_AGO1,5.621912385308676e-05
Histone_H3K9me2,0.00014294820667870646
Histone_H2Bub,5.47992047911295e-05
TFs and others_RB1,1.3054200589892018e-05
TFs and others_RLF,2.130125227702673e-05
TFs and others_CBX3,5.6025968663012005e-05
TFs and others_LCOR,1.6614719761566432e-05
TFs and others_HOXD4,1.9177917108546858e-06
TFs and others_ZIC2,1.8268676665741594e-06
TFs and others_KDM4C,3.458842421348443e-06
TFs and others_HNRNPH1,9.419331287875226e-06
TFs and others_TARDBP,2.6964868983368595e-05
TFs and others_BACH1,3.4170302786930924e-05
TFs and others_HDAC2,5.811204290213825e-05
TFs and others_IRF5,1.9990069763312623e-05
TFs and others_CHD2,4.663032606429792e-05
TFs and others_SMC3,0.00011393897432800088
TFs and others_TOP2B,2.7258183035257993e-05
TFs and others_DDX11,3.6945758369921366e-06
TFs and others_MAPK1,2.2534820512554705e-05
TFs and others_MethylCap,7.225134995819851e-05
TFs and others_BPTF,4.128219462444605e-05
TFs and others_RUNX3,7.722236782351716e-05
TFs and others_HDAC8,2.543055323650755e-05
TFs and others_LYL1,2.6699688527133243e-05
Histone_H4K8ac,6.033585814493984e-05
TFs and others_HIVEP3,2.166510114500686e-05
TFs and others_8-Hydroxydeoxyguanosine,3.147594963464045e-05
TFs and others_PCGF2,4.610105145834559e-05
TFs and others_KMT2D,8.896988339854357e-05
TFs and others_TCF12,9.89537533608259e-05
TFs and others_ISL2,2.841804925463911e-05
TFs and others_HDAC6,5.31888937690129e-06
TFs and others_HDAC4,5.759217301137232e-06
TFs and others_MLLT1,9.579247500287239e-06
TFs and others_ZNF266,7.093186025218283e-06
TFs and others_MAPK14,0.00018849311016823939
TFs and others_PGR,0.0006861347123811639
TFs and others_XRCC4,0.00020608297867526906
TFs and others_CCND1,3.700008629616648e-05
TFs and others_RING1,0.00010209958013344123
TFs and others_WDHD1,4.3857897115265874e-05
TFs and others_STAT5,1.9154656268736264e-05
TFs and others_TBX5,3.092630940561617e-05
TFs and others_DNMT3B,3.0428575109716598e-05
TFs and others_SRPK1,3.880908091544579e-05
TFs and others_CNOT3,0.00011994248923457687
TFs and others_HEY2,3.692749017474215e-05
TFs and others_ETV6,1.1015268842900138e-05
TFs and others_MTA2,1.913349604452105e-05
TFs and others_ERCC6,7.938864374318961e-06
TFs and others_SAFB2,4.3387140179346526e-06
TFs and others_ESRRA,1.1788467821700915e-05
TFs and others_GLI2,8.724588112456592e-06
TFs and others_NELFE,1.8070809674556017e-05
TFs and others_NR4A2,4.9222615520923306e-06
TFs and others_PBX2,4.783296047251946e-06
TFs and others_GTF2B,1.737743310444034e-05
TFs and others_KAT5,2.4960614509981212e-05
TFs and others_CHD1,6.20877398200477e-05
Histone_H2A.Z.1,1.6909677698989388e-05
TFs and others_ERCC8,4.330665290297776e-06
TFs and others_FAM208A,3.9544470590473275e-06
TFs and others_CDK12,2.3736214679681094e-05
TFs and others_TRP47,6.913271271060524e-05
TFs and others_HDAC1,4.192806353018449e-05
TFs and others_MED1,5.690152527668437e-06
TFs and others_AFF4,-5.414836272891222e-06
TFs and others_TBL1Y,-1.8594489381248226e-06
TFs and others_TAF1,1.3531596985334806e-06
TFs and others_HOXA13,2.978384640203285e-06
TFs and others_CREBBP,1.1636858158072085e-05
Histone_H3.3B,7.004308623159249e-06
TFs and others_SRF,1.5522746025283692e-05
TFs and others_PHF2,7.533534421811165e-05
TFs and others_STAG1,0.0002407211978861052
TFs and others_TLX1,4.5372070247657624e-05
TFs and others_REST,-3.589784753971584e-05
TFs and others_L3MBTL2,-3.86036912716658e-06
TFs and others_ZFHX4,1.1745882370650292e-06
Histone_H2A.X,1.106338922983355e-05
TFs and others_PITX3,4.321989935450179e-05
TFs and others_NFKB2,3.8314195697234906e-05
TFs and others_CDC73,1.683966649917884e-05
Histone_macroH2A2,3.1480559794393196e-05
TFs and others_FOXO1,4.1591796911874444e-05
TFs and others_HBZ,4.963365642364782e-05
TFs and others_SS18,0.0001584476271750316
TFs and others_TBX21,6.20357977341757e-05
TFs and others_ZNF281,3.6935008340853396e-05
TFs and others_SMAD3,0.00015625056975694513
Histone_H3K36me2,0.00022017672476047555
TFs and others_SCML2,7.265497902200336e-05
TFs and others_NKX3-1,4.009976655665601e-05
TFs and others_NOTCH1,6.885629248693997e-05
TFs and others_RBPJ,5.5446369965015265e-05
TFs and others_EBNA1,1.6251766673774173e-05
TFs and others_PSMD1,4.068028193594239e-06
TFs and others_PRPF4,1.0945239433772104e-05
Histone_H4K20me2,9.049943392121053e-05
TFs and others_HIF1A,0.000255470872560142
TFs and others_SMAD4,6.943463988023601e-05
TFs and others_ZNF644,6.640573500718223e-06
TFs and others_SMARCA2,2.6197935071380186e-05
TFs and others_SMARCC1,9.18115019323794e-05
TFs and others_TFEB,3.484151059115694e-05
TFs and others_NR1H4,6.603231089162908e-05
TFs and others_TET2,0.00021583813730178828
TFs and others_CBX1,6.307116875954093e-05
TFs and others_EWSR1,1.044184891544153e-05
TFs and others_RBL1,1.1950108521462701e-05
TFs and others_UBP1,7.539887632017976e-06
TFs and others_MCM3,4.742604805166986e-05
TFs and others_ELF3,0.0003056617046561643
TFs and others_STAT1,0.0005663051369979659
TFs and others_EVX1,0.0001560129023471646
Histone_H4K5K8K12K16ac,7.256669326624008e-05
TFs and others_KAT8,3.0427692983082605e-05
TFs and others_HIRA,3.864399876329281e-07
TFs and others_AHRR,-0.000262644993573688
Histone_H3K4me1,-0.0011063430922034437
TFs and others_NME2,-0.0003360530876851914
TFs and others_FOXC1,0.00011407277391517413
Histone_H3K4me3,0.0005813052520671043
TFs and others_CXXC1,0.00023566350500212928
TFs and others_PPARA,2.9198068312442787e-05
TFs and others_E2F6,6.966538367912165e-05
TFs and others_DEAF1,3.766930650077037e-05
TFs and others_MBD4,4.053374856433697e-05
TFs and others_SATB1,8.479034352616996e-05
TFs and others_XRCC5,2.8389325046790908e-05
TFs and others_SIRT1,3.923237059672651e-06
Histone_H4K20me1,3.7093292396081613e-06
Histone_H1K85ac,2.0022228004759594e-06
TFs and others_MSC,1.3546651718162023e-06
TFs and others_EGR2,2.8012738639112257e-06
TFs and others_NR2C2,8.110383717086934e-06
TFs and others_CHAT,1.9907017323985932e-05
Histone_H4,3.787329359885502e-05
TFs and others_TET3,1.172915332367155e-05
TFs and others_NCOR2,3.2934379237566043e-06
TFs and others_ELK3,7.0198714099092995e-06
TFs and others_ARID3A,1.7390835983648783e-05
TFs and others_GLTSCR1,2.554064333860866e-05
TFs and others_CDK9,6.591203225991752e-05
TFs and others_MYF6,1.856360696453564e-05
TFs and others_ASH1L,3.0286068909268157e-06
TFs and others_MEF2C,8.197328208694773e-06
Histone_H3K79suc,2.003924836405024e-06
TFs and others_YBX1,2.302154759315414e-05
TFs and others_PPARG,7.642267170444873e-05
TFs and others_MED25,2.3577679262232058e-05
Histone_H3K18cr,2.4306648262781137e-05
TFs and others_ZNF92,5.186361709748248e-05
TFs and others_TP73,4.4159693584632695e-05
TFs and others_TOP1,1.3574726043280094e-05
Histone_H3.3,1.0408144817169798e-05
TFs and others_HIC1,8.813833532364431e-06
TFs and others_HOXB2,2.5584254785498762e-06
TFs and others_SUPT20H,7.175531547748039e-07
TFs and others_JAZF1,-2.5576672651999803e-07
TFs and others_RARB,-6.234589409143305e-07
TFs and others_FOXF2,-5.847678499025777e-07
TFs and others_BCL11B,6.818308572466864e-07
TFs and others_RUVBL1,5.169501444819681e-05
TFs and others_TRIM28,0.00018740411902831974
TFs and others_BHLHE41,5.3745256518220186e-05
TFs and others_ETV4,1.160176192693281e-05
TFs and others_KLF1,5.3325075572121195e-05
TFs and others_PBX4,0.00010523896326229973
RNA polymerase_POLR3GL,5.591315737925311e-05
TFs and others_PAX8,8.911197932252128e-05
TFs and others_DYRK1A,2.773540582208218e-05
TFs and others_TWIST1,1.113086358226039e-05
TFs and others_SETD1A,6.702503899776822e-06
TFs and others_YAP1,1.4088059427694014e-05
TFs and others_CHD3,6.286631382681269e-06
TFs and others_EBNA3,9.226994966360284e-06
TFs and others_CHD7,3.8559275964972534e-05
TFs and others_GTF2I,4.0321322408366954e-05
TFs and others_L3MBTL3,1.0561019980741253e-05
TFs and others_XRN2,2.3709986722737866e-06
TFs and others_NR2E3,1.2851289195980852e-05
TFs and others_RBBP5,4.2617679914182744e-05
TFs and others_C17orf96,1.4204575531686179e-05
TFs and others_ZNF165,6.9602951890091415e-06
TFs and others_MCPV ST,1.1202535998121564e-05
TFs and others_BRD9,1.579286066982521e-05
Histone_H1.2,7.97949126380702e-06
TFs and others_DTL,6.18416330727081e-05
Histone_H3K79me3,0.00024258296995044483
TFs and others_ZBTB17,7.894819761046799e-05
TFs and others_TDRD3,3.216715864405802e-05
TFs and others_SREBF2,0.00011340373043547129
TFs and others_ID3,4.1646355185530334e-05
Histone_H2AK9ac,1.2394570121230489e-05
TFs and others_PROX1,1.2761596005347536e-05
TFs and others_ZKSCAN1,1.3995225946072432e-05
TFs and others_SUZ12,3.260391486060702e-05
TFs and others_PHIP,2.896088198675167e-05
TFs and others_OGT,7.094920017524581e-06
TFs and others_NR1D1,1.919899925432051e-06
TFs and others_MXD3,2.0172134248873288e-06
TFs and others_ZBTB4,2.5473840095111787e-06
TFs and others_ZNF486,3.8106319049403316e-06
TFs and others_ZNF207,1.4081080972938664e-06
TFs and others_CCAR2,1.4859427171706468e-05
TFs and others_TCF21,6.148645042496711e-05
TFs and others_FOXF1,4.553856283172024e-05
TFs and others_FOXD3,1.0255053635043966e-05
TFs and others_NOS2,5.967239276499579e-06
TFs and others_CRTC2,1.4354250778764976e-05
TFs and others_RYBP,6.474458541197092e-07
TFs and others_SNAPC1,-2.3182670908338517e-05
TFs and others_GATA1,-6.137817675218204e-05
TFs and others_AHR,1.5653428927689676e-05
Histone_H3K5ac,0.0001619628771592763
TFs and others_GATA4,0.0003280870231573165
TFs and others_MGEA5,9.936895924895539e-05
TFs and others_TERF1,1.3171704007697033e-05
TFs and others_CAMTA1,8.517486647693683e-06
TFs and others_CASP8AP2,1.0285532147167327e-05
TFs and others_UBTF,1.8890356338239342e-05
TFs and others_ZBTB39,8.038192399599055e-06
TFs and others_RXRA,1.2584295840324489e-05
TFs and others_RORC,1.9967752364586353e-05
TFs and others_EBNA2,1.4340783723417533e-05
TFs and others_BHLHE40,2.910954754866053e-05
TFs and others_NFKB1,3.228088323542475e-05
TFs and others_NCOR1,1.4615064761157018e-05
TFs and others_RTA,1.2992523524461072e-05
TFs and others_GZF1,4.355980458815681e-06
TFs and others_NEUROD1,7.888986252952948e-06
TFs and others_TFCP2,2.7450783966850694e-06
TFs and others_PYGO2,-5.393117771503642e-07
TFs and others_CCNT2,1.2452063533475705e-05
TFs and others_CDK8,4.891101203647261e-05
TFs and others_ATF2,4.030190707950039e-05
TFs and others_SOX17,1.736518406744694e-05
TFs and others_HOXB4,1.7049014386355377e-05
TFs and others_HJURP,3.429779282485417e-05
TFs and others_PBX1,0.0003032372493820299
Histone_H3,0.0007990634217526387
TFs and others_FOXR2,0.00021648749821453063
TFs and others_Biotin,2.2874193542405614e-05
TFs and others_GMEB2,1.7658594966682285e-05
TFs and others_MECP2,1.0767462274101113e-05
TFs and others_GTF3C5,2.8555958028646326e-06
TFs and others_ELL,-3.4286102639285604e-05
TFs and others_ERG,-0.00012924168535441023
TFs and others_FLI1,2.215786543504606e-05
TFs and others_KDM3A,3.066729218961392e-05
TFs and others_MBD3L2,1.1934526850872597e-05
TFs and others_SALL4,1.807222389562849e-05
TFs and others_MLLT3,3.397225911559584e-05
TFs and others_ATF3,0.00039352361792157893
TFs and others_ESR1,0.0012503860843310446
TFs and others_MEPCE,0.000404046774824422
TFs and others_MAFK,0.0002042234752462202
Histone_H2BK120ub,6.823874758437186e-05
TFs and others_HOXD11,1.896326190744495e-05
RNA polymerase_POLR3A,2.2103519374991824e-05
TFs and others_SIRT3,2.9167264179399104e-05
TFs and others_IKZF1,7.277908547458187e-05
Histone_H2BP1me1,1.9932877207453918e-05
Histone_H2BK120ub1,5.162038616196053e-06
TFs and others_ZNF341,3.681611591394198e-06
TFs and others_CBFA2T3,2.2516413067129687e-06
TFs and others_ZBTB2,1.2936527917207354e-06
TFs and others_LRWD1,1.2951602018151448e-06
TFs and others_PRDM1,1.0408221364934175e-05
TFs and others_ONECUT2,3.083003623971639e-05
TFs and others_ERCC2,9.783391581459696e-06
TFs and others_ZNF768,2.3353239312084383e-06
TFs and others_WRN,4.322147642364923e-06
TFs and others_TFDP1,2.5894597122561293e-05
RNA polymerase_RNA polymerase III,4.9622668460401046e-05
TFs and others_HMGB1,2.5278735857170774e-05
TFs and others_ARID5B,6.226396525846148e-06
TFs and others_CBX7,3.924822823895118e-06
Histone_H2A.ZK4K7K11ac,-3.340024091031118e-05
TFs and others_CLOCK,-1.6807617531881788e-05
TFs and others_LMNB1,1.5490267683024468e-05
TFs and others_C10orf12,5.896893804683583e-06
TFs and others_NCAPG,5.38652972127123e-06
TFs and others_INSR,4.530928805121955e-06
TFs and others_THAP4,4.066042461817294e-06
TFs and others_ARNT2,4.8360432562972045e-06
TFs and others_HOXC13,1.723137429890056e-05
TFs and others_JMJD1C,9.954293472827702e-05
Histone_H4K5ac,0.00019627524919225254
TFs and others_MTHFD1,5.423348020276173e-05
TFs and others_CBX5,7.157376749862719e-06
TFs and others_AML1-ETO,1.29902632456321e-05
TFs and others_EP400,1.1987061905808407e-05
TFs and others_ZMIZ1,1.0774227109222732e-05
TFs and others_ZBTB24,5.35181090702938e-06
TFs and others_IKZF5,2.2224232333872335e-05
TFs and others_EOMES,0.0001020937838004661
TFs and others_STAT3,0.00012750099403120716
TFs and others_MED26,5.789107987513488e-05
TFs and others_NRF1,5.543567819227484e-05
TFs and others_PARP1,1.8590500234300963e-05
TFs and others_KAT2A,5.831499490085782e-06
TFs and others_KCMF1,4.939291870512217e-06
TFs and others_HOXB8,4.264578364645122e-06
TFs and others_BRF1,5.099162431530273e-06
TFs and others_NFATC2,8.21836705602193e-06
TFs and others_SMARCC2,7.609824159751328e-05
TFs and others_FOS,0.0003325168386048354
TFs and others_RBP1,0.0002794746809437492
TFs and others_FOXJ3,0.0006597344166145964
TFs and others_GFP,0.0024242117104935398
Histone_H3.Y,0.0007517553268126107
TFs and others_CEBPZ,4.723759590302727e-05
Histone_H1B,3.757355677918284e-05
TFs and others_PIAS1,3.899415935890492e-05
TFs and others_PIAS4,2.5171988869091528e-05
TFs and others_CTBP2,7.573388379440269e-06
TFs and others_FOXM1,-3.527266122684767e-06
TFs and others_NETO2,1.3253885235079082e-07
Histone_H3R8me2,1.6287296585442112e-08
TFs and others_ZNF3,-1.9196411685375545e-05
TFs and others_RBFOX2,-5.955145537380844e-05
TFs and others_GTF2F1,-1.0761453503516972e-05
TFs and others_GREB1,-9.426899812264036e-07
TFs and others_CUX1,-7.6084031647291e-07
TFs and others_NR5A1,3.2756427157011994e-05
TFs and others_ISL1,0.00011455546798408645
TFs and others_PHC1,4.3035621523668446e-05
TFs and others_NCAPH2,3.742482184023897e-05
TFs and others_ETV5,2.829308067596152e-05
TFs and others_DPF2,5.2175095979572815e-05
TFs and others_E2F7,3.0980583802134956e-05
TFs and others_MITF,3.712534249159558e-05
TFs and others_HHEX,1.0861914330788169e-05
TFs and others_DPPA3,1.9978727210785987e-06
TFs and others_HOXA9,4.953577229400704e-06
TFs and others_EBV-ZEBRA,1.4873025961453671e-05
TFs and others_OVOL2,5.095815891258281e-06
TFs and others_ATF6,1.2141067530153347e-06
TFs and others_HAT1,1.398112635434962e-06
Histone_H2A,8.965584157694196e-06
TFs and others_KDM6A,2.8912088213455827e-05
Histone_Pan lysine acetylation,1.0266491220242953e-05
TFs and others_FOSB,2.563536781096124e-06
TFs and others_BCOR,-2.6195694375417943e-06
TFs and others_DUX4,-1.6031279042630795e-05
Histone_H4K5K8ac,-0.00010028011972026549
TFs and others_MYB,-1.8764754835903447e-05
TFs and others_EGR1,2.5464866145921955e-05
TFs and others_BARX1,8.518152307932697e-06
TFs and others_NR2F6,2.3284152990911256e-06
TFs and others_ELF4,1.476487354707289e-06
TFs and others_NCOA4,8.603384123901023e-07
TFs and others_HOXD1,8.722128764655644e-07
TFs and others_MLXIP,1.4168193033753054e-06
TFs and others_COBLL1,3.1042770636421983e-06
TFs and others_TBL1XR1,1.0055276515897974e-05
TFs and others_SNRNP70,2.9489903920263316e-06
TFs and others_CBX6,8.622571595900095e-08
TFs and others_BBX,-2.7632623267142145e-07
TFs and others_PPARGC1A,-3.9379334430683143e-07
TFs and others_HOXD9,-3.6047999071425855e-07
TFs and others_HOXB5,3.0704884913837592e-06
TFs and others_HNRNPL,1.5205209437719438e-05
TFs and others_BMI1,1.7077897630102368e-05
TFs and others_ZNF516,4.341821369173153e-06
TFs and others_ZNF639,1.0179512247064919e-05
TFs and others_NANOG,3.645044540725525e-05
TFs and others_SRSF1,5.8292544544298444e-05
TFs and others_TP53,0.00017770139857986995
TFs and others_BRD3,6.78507608974563e-05
TFs and others_NCAPG2,1.5013800335664886e-05
Histone_H3K23ac,2.6180415877880625e-05
TFs and others_FOSL1,1.850108044898062e-05
TFs and others_POU2F1,3.1457554297759123e-06
TFs and others_ETS1,-1.8280554617674494e-05
Histone_H3K14ac,-6.664522957408312e-05
TFs and others_ETV1,-5.467322960236318e-05
TFs and others_TFAP2C,-7.334993328469725e-05
TFs and others_METTL14,-1.6899698831457487e-05
TFs and others_HMGA1,6.173716638295603e-07
TFs and others_NONO,2.8980914535160912e-05
RNA polymerase_POLR2G,0.00010883225569142316
TFs and others_RAG2,0.00010732589432272585
TFs and others_HIV Tat,2.484601856307042e-05
TFs and others_ZFP64,2.7518131698638333e-05
TFs and others_CPSF3L,2.995062874186401e-05
TFs and others_KLF11,1.4866249381449815e-05
TFs and others_TRIM25,7.014701307126478e-06
TFs and others_WRNIP1,3.6284449113744816e-06
TFs and others_FOXN3,2.078000683201283e-07
Histone_H1.0,3.5874678649902695e-06
TFs and others_Cas9,1.2887949926496531e-05
TFs and others_PRMT5,1.279223147818244e-05
Histone_macroH2A1,3.7999519710900813e-05
TFs and others_CDCA5,3.596765352523005e-05
TFs and others_HIC2,9.705068805451267e-06
TFs and others_MRE11A,2.2900782039283657e-05
TFs and others_MYCN,8.193670129906684e-05
TFs and others_VEZF1,4.251707711918702e-05
Histone_H2AK119Ub,7.891281774639923e-05
TFs and others_PTEN,8.072801724647995e-05
TFs and others_CPSF3,3.125871830337486e-05
TFs and others_TRRAP,1.071770874323464e-05
TFs and others_ZMYND11,9.38672741342203e-06
TFs and others_ELK1,1.0084794994054256e-05
TFs and others_ID4,4.316382056629386e-05
TFs and others_SKP2,0.00015644851538508094
TFs and others_METTL3,5.262529974148089e-05
TFs and others_ZHX2,3.090804996282831e-05
TFs and others_ATR,1.542737505274353e-05
TFs and others_POU2F2,1.6465432562278103e-05
TFs and others_ATF7IP,5.172651953313856e-06
TFs and others_SIX1,1.59858199353584e-06
TFs and others_ZSCAN5D,1.2685068495586457e-06
TFs and others_ATF7,1.6664205801123822e-06
TFs and others_ALYREF,1.2172702968978418e-06
TFs and others_ID2,0.00013083104968045735
TFs and others_SPI1,0.0005313777874719057
TFs and others_ALKBH1,0.00016756672173763915
TFs and others_LEO1,2.9211780673287143e-05
TFs and others_BRCA1,6.105784339941001e-05
TFs and others_NR2F2,9.901305668372715e-05
TFs and others_THAP11,2.993113396113254e-05
TFs and others_MAML1,5.859553060117813e-06
TFs and others_RFX7,3.433172343081303e-06
TFs and others_MORC2,3.902030677008242e-06
TFs and others_BrdU,7.254303327765077e-06
Histone_H3K27me1,6.777445247976155e-06
TFs and others_NPAT,1.0126917638456633e-05
TFs and others_FERD3L,4.0351749019771705e-06
TFs and others_HINFP,8.63272994041259e-06
TFs and others_NR4A1,2.793390726470271e-05
RNA polymerase_GTF3C1,2.7277581381668797e-05
TFs and others_PAX5,4.0370005065311446e-05
TFs and others_ZNF532,4.839250511554498e-05
TFs and others_RBM25,0.000144856110607071
TFs and others_SVS-1,4.482952459311737e-05
Histone_H3K9K14K18K23K27ac,1.168398655766024e-05
TFs and others_YY2,1.048619997449396e-05
TFs and others_MYOCD,1.9282969083228783e-05
TFs and others_UBE2I,9.074653617785335e-06
TFs and others_WWTR1,1.1826600352868572e-05
TFs and others_PRKCQ,6.133728283578941e-06
TFs and others_NFE2L3,1.3501230793864766e-05
TFs and others_IKZF3,4.7412373680696425e-05
TFs and others_SP140,2.0842855871039274e-05
TFs and others_EPCAM,4.939642085087628e-06
TFs and others_FXR2,6.869257256648579e-06
TFs and others_HES7,5.380431519036889e-06
TFs and others_KDM5A,1.1150769422371116e-05
TFs and others_ATF1,7.708081465314181e-06
TFs and others_USF2,1.4944987067958866e-06
TFs and others_BANP,4.552520582090525e-06
TFs and others_ATF4,1.842952966226666e-05
TFs and others_TCF3,-1.3891318246517722e-06
TFs and others_MEOX2,-6.457615228661043e-07
TFs and others_KDM6B,3.6646001936565613e-06
TFs and others_C17orf49,6.0746168272096877e-05
Histone_H3K9ac,0.00010370286247826535
Histone_H1.4K34ac,-6.724114789484163e-05
TFs and others_KDM2B,-0.0004191536361416555
TFs and others_SMARCA4,-0.0008026495835985953
TFs and others_SNAPC4,-0.00021123440727564163
TFs and others_HOXC9,-1.5643130416264182e-05
TFs and others_CTNNB1,9.092636311812467e-06
TFs and others_STAT4,-6.0155162740248475e-06
TFs and others_ELL2,4.451148389587995e-06
TFs and others_SETDB1,7.882215940480999e-05
TFs and others_MXI1,6.458082258434796e-05
TFs and others_NKX6-1,1.6595036078927345e-05
TFs and others_HOXD13,4.303414380324175e-06
TFs and others_CCDC101,5.9940485312404495e-06
TFs and others_IRF8,5.930026693810255e-06
TFs and others_PGBD5,7.376492030658458e-06
TFs and others_ZBTB7A,2.0234460625624547e-05
TFs and others_RFX5,1.5858794472505642e-05
TFs and others_MIXL1,1.7570231727259254e-05
RNA polymerase_RNA polymerase II,9.304474991745249e-05
TFs and others_TEAD1,6.088088779432295e-05
TFs and others_U2AF1,1.3950549437806958e-05
TFs and others_XBP1,3.3691799148722315e-05
RNA polymerase_POLR2A,0.00011545510412457329
TFs and others_TBX2,5.2309363503735816e-05
TFs and others_HOXB7,1.0780100357423025e-05
TFs and others_SOX8,1.0427158028864473e-05
Histone_H2A.Z.2,7.189839794132166e-06
TFs and others_ZBTB44,3.791773157856833e-05
TFs and others_TBP,0.0001319678288051953
TFs and others_DDIT3,7.008339399470474e-05
TFs and others_YY1,8.891813968198179e-05
TFs and others_HAND2,0.0001257094465978859
TFs and others_EZH1,3.633704634421211e-05
TFs and others_RBM39,1.4434028822314546e-05
TFs and others_TAF15,8.139560840055715e-06
TFs and others_SAFB,5.309868278259427e-06
TFs and others_NFIB,4.766644086643166e-06
TFs and others_ILF3,7.505731323566543e-06
TFs and others_ASF1A,2.315620994628555e-05
TFs and others_CHD8,9.667823269461322e-05
TFs and others_SIX5,4.1274685592067836e-05
TFs and others_LEF1,6.102573950899289e-06
TFs and others_GFI1B,4.816573630671055e-06
TFs and others_NR3C2,2.7318304094931772e-06
TFs and others_AHCTF1,1.7979076533311385e-06
TFs and others_HOXC11,9.571773802794218e-07
TFs and others_ARNTL2,5.826894509713769e-06
TFs and others_SP1,2.566464856353548e-05
TFs and others_ERCC3,1.1327325137262669e-05
TFs and others_MIF,2.766415374148731e-06
TFs and others_ZNF274,3.4123929009174923e-06
TFs and others_MECOM,7.684844249656688e-06
TFs and others_FOXP1,5.537781569525414e-05
TFs and others_RAD21,0.00010648528213916107
TFs and others_STAG2,6.424155731167752e-05
TFs and others_EBF1,7.81270859634439e-05
TFs and others_ZC3H8,8.370155979326112e-05
TFs and others_TP63,0.00019012877621903002
TFs and others_PCGF6,7.495339876205202e-05
TFs and others_BDP1,2.111372110489739e-05
TFs and others_PRDM4,0.0010633771622085059
Histone_H3K4me2,0.0040682821000207455
TFs and others_PRAME,0.001130590014071206
TFs and others_TFAM,3.0274394082238747e-05
TFs and others_ELF1,1.5110122885068792e-05
TFs and others_ASXL1,1.3713942510013483e-05
TFs and others_DICER1,6.7627824942603585e-06
TFs and others_CCND2,1.8025443162058709e-06
TFs and others_PBXIP1,3.7333125058521667e-06
TFs and others_HOXC5,9.706483839256071e-06
TFs and others_TAF7,1.0660214474468899e-05
TFs and others_SP2,5.536749054414141e-06
TFs and others_KDM5C,5.382991773697598e-06
TFs and others_FUS,7.584194058766987e-06
TFs and others_BRAF,4.747651022994669e-06
TFs and others_ZBTB16,3.056012190688438e-05
TFs and others_AGO2,0.00011797954251786546
TFs and others_ING2,8.533611094576447e-05
TFs and others_RCOR1,6.591037111297467e-05
TFs and others_MED12,2.102783924652504e-05
TFs and others_ESR2,3.6337902836227574e-05
TFs and others_HEY1,0.00011737327474522797
Histone_H2Aub,4.182287147155636e-05
TFs and others_PAX7,1.1226000520537298e-05
TFs and others_CDK2,3.4918188359084064e-06
TFs and others_LIN9,2.5404329204689876e-06
TFs and others_ARID1B,1.4274109481597457e-06
TFs and others_HNRNPUL1,9.53065247281282e-06
TFs and others_RUNX1,3.070895304815042e-05
TFs and others_KSHV LANA,6.634489330203023e-06
TFs and others_PTBP1,-1.2340688125972848e-06
TFs and others_IRF9,5.864388648171691e-06
TFs and others_E2F3,2.7176878524122396e-05
TFs and others_ALKBH3,7.4681723494019445e-06
TFs and others_DNMT1,3.145193570246113e-07
Histone_H3T45ph,2.04395569854343e-06
TFs and others_SRSF3,4.8999355619957194e-06
TFs and others_MAP2K1,3.801360258685873e-06
Histone_H2ac,1.5781338299772737e-05
TFs and others_DAXX,4.036447969961843e-05
TFs and others_NFYC,1.9883378099122865e-05
Histone_H3K4me,1.277798216979709e-05
Histone_H3K36me1,3.898400796410446e-06
TFs and others_AUTS2,1.3148763552524876e-06
Histone_H3K27me2,1.65109055858604e-06
TFs and others_ELF2,3.215007158146309e-07
Histone_H4K20me3,4.7736930923913814e-05
TFs and others_LMNA,0.00015870978741222688
TFs and others_MDM2,4.52929085224206e-05
Histone_H3T11ph,1.11323619003301e-05
TFs and others_MYF5,2.2056631148014572e-05
TFs and others_MEIS1,6.666874346414929e-05
TFs and others_SUPT5H,0.0002097435492152915
TFs and others_CD74,5.7847342172712856e-05
TFs and others_PCBP2,4.284176688006498e-06
TFs and others_ATRX,9.2607867658571e-06
TFs and others_AFF1,1.4777020735050439e-05
Histone_H2AK5ac,2.1762419019423914e-05
TFs and others_BCLAF1,2.81400308966017e-05
TFs and others_CREB3L1,2.486449121224015e-05
Histone_H2A.Z,7.578617787126024e-05
TFs and others_ARNT,2.5965397043601284e-05
TFs and others_FGFR1,1.1118983945742967e-05
Histone_H3.1,2.8166707796694018e-05
TFs and others_GRHL2,0.00011084677002032727
TFs and others_TCF4,8.882017516623924e-05
TFs and others_VSV-G,2.209672778430147e-05
TFs and others_ZNF84,6.529230866191508e-06
TFs and others_MBD2,1.6728469662083672e-05
TFs and others_NFIC,4.489989026614228e-05
TFs and others_TFAP2A,-2.211234086271082e-05
TFs and others_SMC1A,-0.00012665629400337248
TFs and others_TAL1,-6.76896798039479e-05
TFs and others_TCEA2,-1.8708737522407814e-06
TFs and others_DCP1A,1.878344000377452e-05
TFs and others_DR1,6.640839799579941e-06
TFs and others_CBFA2T2,5.347791387774813e-06
TFs and others_EPAS1,1.5460865595649642e-05
TFs and others_HCFC1,4.805520594317557e-05
TFs and others_RAG1,8.001473010332137e-05
TFs and others_HNF1A,2.888290695309169e-05
TFs and others_IRX5,4.597695458122508e-06
TFs and others_NUP153,7.032774201999382e-05
TFs and others_ZNF263,0.00024491142210273417
TFs and others_MAFG,7.076796332220473e-05
TFs and others_SFMBT1,5.580733366954401e-06
TFs and others_BMI,4.5151142215792435e-06
TFs and others_PALB2,4.736643388154404e-06
TFs and others_HOXB6,3.342584118024943e-06
TFs and others_SNAPC5,2.0735843602114537e-06
TFs and others_FANCD2,2.7953705150721246e-05
TFs and others_IRF1,9.222723896745655e-05
Histone_WAPL,2.787259663544524e-05
TFs and others_UBE3A,4.7694579361617415e-06
TFs and others_BAP1,6.325105075118258e-05
TFs and others_RELA,0.0002487500068803448
TFs and others_SKI,9.741891259351892e-05
TFs and others_GRHL1,1.9678872343587747e-05
TFs and others_RARA,4.6972624901666265e-05
TFs and others_PRDM14,1.926185084057738e-05
TFs and others_ORC2,2.967514712184444e-05
TFs and others_PHF8,8.208583069266275e-05
Histone_macroH2A1.2,2.1942134507404483e-05
TFs and others_PAX6,2.0812094305576676e-06
TFs and others_HES4,1.1144362139019413e-06
TFs and others_REL,2.237286274039607e-06
TFs and others_EED,2.965105369027373e-05
TFs and others_ZNF143,0.00011075125794499284
RNA polymerase_POLR3D,6.259184709693052e-05
Histone_H1.4,3.2016224874060175e-05
TFs and others_SAP30,1.517627088024579e-05
TFs and others_JDP2,4.56777398055942e-06
TFs and others_NKX2-3,1.89420860373185e-06
TFs and others_ETS2,2.175843231067617e-05
TFs and others_ZNF384,7.677396800899346e-05
TFs and others_ADNP2,2.675492144532232e-05
TFs and others_KAT7,1.67133721941604e-05
TFs and others_TAF2,9.235251979834356e-06
TFs and others_SVIL,1.0152063394138904e-05
TFs and others_INTS3,0.00032384935377983466
TFs and others_CTCF,0.0010997663011283827
TFs and others_BRD7,0.00035748143082343464
TFs and others_NFE2L2,5.900722793078079e-05
TFs and others_BRD1,3.627971780066542e-05
TFs and others_VRK1,5.57057631795986e-05
TFs and others_CREB1,0.0001455451798695625
TFs and others_SF3B1,4.717218025608061e-05
TFs and others_EHMT2,2.6085737041838757e-05
TFs and others_IRF4,6.732208085165162e-05
TFs and others_OTX2,0.0001605449761750184
TFs and others_KAT2B,3.99664570926539e-05
TFs and others_SMARCA5,5.487650456979315e-07
TFs and others_WIZ,9.85471988945528e-05
TFs and others_NR2F1,0.00035916349280679615
TFs and others_YEATS4,9.7630386761092e-05
TFs and others_NLRP2,8.455898403564109e-06
TFs and others_RBM22,2.435185738494501e-05
TFs and others_NFYA,3.09562044926733e-05
TFs and others_USF1,5.3429285115693404e-05
TFs and others_HOXA4,2.963318464255819e-05
TFs and others_CDKN1B,3.830789780103026e-05
TFs and others_KDM5D,5.5493727518861925e-05
TFs and others_LARP7,0.00016649959432602534
TFs and others_CDX2,5.792637141301911e-05
TFs and others_MCM2,1.6812471898926715e-05
TFs and others_GABPA,4.3129564721432655e-05
TFs and others_NFE2,2.1193436630468752e-05
TFs and others_RBL2,3.7290655198166554e-06
TFs and others_SMARCE1,1.4436670791029808e-07
Histone_H1.X,-1.2260439950763099e-06
TFs and others_T,-2.407573921075914e-06
TFs and others_CBX4,-2.0257040143104728e-08
TFs and others_SRSF9,1.0580658974455754e-05
TFs and others_KLF5,6.30225041600964e-05
TFs and others_PBX3,0.00010487645024740844
TFs and others_PLAG1,6.434898867493282e-05
TFs and others_NKX2-1,0.00010633541820066308
TFs and others_ASH2L,3.9745609546989556e-05
TFs and others_EHF,2.1857662996624785e-05
TFs and others_JMJD6,4.26173639784706e-05
TFs and others_SIX2,0.0002379536855209645
TFs and others_AR,0.0007373744477024429
TFs and others_DOT1L,0.0002653518049013138
TFs and others_POU2F3,0.0034058330748225197
Histone_H3K27ac,0.01222912824437047
TFs and others_SMAD2,0.0034252406903648534
TFs and others_EBF3,0.00023744276342531836
TFs and others_TSHZ1,0.00017705995293529984
TFs and others_PCBP1,0.00014880706997538008
TFs and others_NEUROD2,0.00010087244767869876
Histone_H2BK15ac,3.903942356728148e-05
TFs and others_SRCAP,9.052794001808311e-06
TFs and others_NFKBIA,3.5774553544959358e-06
TFs and others_FIP1L1,8.390667857768013e-06
TFs and others_HECTD1,1.0250456792838979e-05
TFs and others_BRPF3,3.813632076186249e-05
TFs and others_SPIN1,1.2904196793970016e-05
TFs and others_NUTM1,7.663857134687173e-06
TFs and others_HSF1,2.8089544726035625e-05
TFs and others_KDM3B,8.590929351918275e-06
TFs and others_ZSCAN5B,6.164123538901998e-07
TFs and others_CIITA,4.644580837633745e-07
TFs and others_NHLH1,-7.068166696661221e-06
TFs and others_MYOD1,-4.713378252692897e-05
TFs and others_TFAP4,-0.0001557519472031122
Histone_H3K36me3,-0.0004218413522904542
TFs and others_TP53BP1,-9.189404421903331e-05
TFs and others_BCL3,9.671408183512514e-06
TFs and others_SOX3,6.968733140546452e-06
TFs and others_MTA3,1.6459446341214415e-05
TFs and others_HEXIM1,0.00011808087246208285
Histone_H3K122ac,0.0003807240206067809
Histone_H2BS112GlcNAc,0.00010252617494330702
TFs and others_TERF2,3.0545220478238786e-06
TFs and others_LHX5,1.469248809687068e-06
TFs and others_GPS2,1.8496231016370354e-05
TFs and others_KMT2A,8.613023075988221e-05
TFs and others_MTOR,0.00010807849427902902
TFs and others_ING5,3.458945456381285e-05
TFs and others_GATA3,5.343728359655463e-05
TFs and others_FOXK1,2.7898319307292984e-05
TFs and others_SP4,4.8755939280066555e-06
TFs and others_SIRT6,0.0002694487298584615
TFs and others_CEBPB,0.001113703534692109
TFs and others_HAND1,0.00035543951579428476
TFs and others_STAT2,2.985888222691957e-05
TFs and others_CTR9,2.6872734995312042e-05
TFs and others_PSMB5,2.6029171079270912e-05
TFs and others_CBX2,2.5621439737514255e-05
TFs and others_CTBP1,3.02494823123691e-05
TFs and others_MAF,3.726971001578011e-05
Histone_CENPA,1.984870354984017e-05
TFs and others_GRHL3,8.021132399102389e-05
Histone_H2BK5ac,0.00040807000880740165
Histone_H3K56ac,0.0006849843460287469
TFs and others_SOX11,0.00017841205435135352
TFs and others_DNA2,9.062727257185304e-05
TFs and others_ZFX,0.00029160039721792266
TFs and others_PRDM11,0.00011744210221633866
TFs and others_RBBP7,0.00013651874476872924
TFs and others_TRIM24,8.725249273825624e-05
TFs and others_CCNT1,0.00029663142512483215
TFs and others_5-mC,0.001010615308136736
TFs and others_ELK4,0.0002765827008385242
TFs and others_ICE2,1.0779813585035083e-05
TFs and others_ARID1A,6.474037547218121e-05
Histone_H3K36ac,0.00016635589832294972
TFs and others_ZNF711,5.8529625851947776e-05
TFs and others_BACH2,3.1005096905678745e-05
TFs and others_JARID2,4.288846414011568e-05
Histone_H3R17me2,1.5820059558906937e-05
TFs and others_SREBF1,1.0042611228572892e-05
TFs and others_ID1,7.299918790674656e-06
TFs and others_SRPK2,1.0896628567343835e-05
TFs and others_BRCA2,2.0224513688242786e-05
TFs and others_5-hmC,0.00038345130392914345
TFs and others_CEBPA,0.0012816397756066742
TFs and others_SMAD5,0.00040706071824132036
Histone_H3ac,0.0002850761971887919
TFs and others_MCRS1,0.00011838243950362679
TFs and others_KLF4,9.645791455876622e-05
TFs and others_PCGF1,8.572004577767116e-05
TFs and others_CSTF3,2.623451871927943e-05
TFs and others_DMRT2,8.21225121058202e-06
TFs and others_NR5A2,4.544650695006449e-06
TFs and others_TAZ,1.7394073239161415e-06
TFs and others_TOE1,4.190281112367204e-06
TFs and others_HNRNPLL,1.1201776884470051e-05
TFs and others_MAFB,1.8091025553588995e-06
TFs and others_FXR1,6.090915999334662e-06
TFs and others_PRMT1,3.967283454434011e-05
TFs and others_PCF11,8.146044693130899e-05
TFs and others_CHAF1A,3.8461138099919795e-05
TFs and others_ZEB1,1.950184460706534e-05
TFs and others_TCF7L2,-2.217205797266468e-05
TFs and others_ARID3B,1.9168108846019792e-06
TFs and others_FOXH1,2.78919461098334e-05
TFs and others_CIC,8.028222626044837e-06
TFs and others_FOXP3,-2.3673656794827303e-08
TFs and others_MYBL2,-2.8391907727047325e-06
TFs and others_MYBL1,-3.4264128027504374e-08
TFs and others_SRSF7,4.934401425590069e-05
TFs and others_EZH2,0.00018112359309035408
TFs and others_FOXQ1,5.380422634641695e-05
TFs and others_STAT5A,2.315424397742767e-05
TFs and others_TRPS1,5.866590711600757e-05
TFs and others_MAZ,8.289830789699087e-05
TFs and others_CEBPD,4.167048597784781e-05
TFs and others_E2F4,2.2183516153279298e-05
TFs and others_CDK7,3.7148403413734164e-05
TFs and others_NELFA,6.514842227896808e-05
TFs and others_ZNF581,1.7802661006467708e-05
TFs and others_CDC5L,4.341753827357624e-06
TFs and others_MAML3,0.0001100408941942605
TFs and others_MAX,0.00040578338138804213
Histone_H4K5K8K16ac,0.00014626470433942859
TFs and others_JUNB,5.540436734043751e-05
TFs and others_IRX2,2.027761181002394e-05
TFs and others_HOXC8,8.84111436068836e-06
Histone_H2B,1.1327221505589187e-05
TFs and others_SUMO1,2.0301580336477656e-05
TFs and others_IRF3,1.2041639454574041e-05
TFs and others_STAT5B,1.798766153075878e-05
TFs and others_HMBOX1,7.362949152371938e-06
TFs and others_E2F2,5.004665111510196e-05
Histone_H3K18ac,0.00019490828194777856
TFs and others_MAFF,0.00011214285687126551
TFs and others_THAP1,5.785091261245111e-05
TFs and others_RUNX2,0.00013101901921496275
TFs and others_PML,6.072367737825591e-05
TFs and others_PCGF5,1.1627851800347014e-05
TFs and others_NFAT5,1.0562565683227904e-05
Histone_H4K91ac,3.2293894596010535e-05
TFs and others_ASUN,1.686390950506488e-05
TFs and others_SPDEF,4.1328628041563555e-06
TFs and others_SNAPC2,-1.485358973136535e-05
TFs and others_SOX2,-6.288615030486788e-05
TFs and others_ZNF83,-1.92888026838416e-05
TFs and others_TRF2,-1.4791259697152217e-06
Histone_H1t,-1.168646299735819e-06
TFs and others_MEF2A,-6.690101327285034e-07
TFs and others_MAF1,-1.2727391803374632e-06
TFs and others_KDM4A,-1.1750812944128819e-06
TFs and others_GFI1,1.1767381524103496e-05
Histone_H2A.Zac,4.3266639127100136e-05
TFs and others_SRSF4,2.5727267771668238e-05
TFs and others_TLE3,4.931145978697966e-05
TFs and others_ZMYM2,1.9752936302260533e-05
TFs and others_RFX2,1.283721227073039e-05
TFs and others_TTF2,1.3682019164169323e-05
TFs and others_Cyclobutane pyrimidine dimers,9.402244075821831e-05
Histone_H4K12ac,0.00031177585880497085
Histone_H4ac,0.0001259067403457998
TFs and others_DDX5,6.544051287105022e-05
TFs and others_BRD2,2.2355281320492294e-05
TFs and others_WDR5,1.97365753183061e-05
Histone_H4R3me2,1.5856405780409527e-05
TFs and others_NIPBL,4.1495147464646656e-05
TFs and others_CBFB,4.0576513695332344e-05
TFs and others_GUCY1B3,8.365023706097278e-06
TFs and others_ASXL2,1.6334726266930622e-06
TFs and others_ZNF76,6.389971924319659e-06
Histone_Pan lysine crotonylation,1.4185732031930143e-05
TFs and others_FOXP2,7.908889386661926e-06
TFs and others_HMGN3,1.0177764988953337e-05
TFs and others_O-GlcNAc,2.0904664448280134e-05
TFs and others_POU2AF1,3.9357031624414976e-05
TFs and others_SIN3A,0.0001540731023465557
TFs and others_USP7,0.00018237639988871444
TFs and others_CRY1,4.658437527607337e-05
TFs and others_SOX9,1.3484808925297697e-05
TFs and others_RPA1,6.313066656483945e-06
TFs and others_H3K9K14K18K23K27ac,7.13099275918191e-06
TFs and others_INO80,9.981302069955888e-06
TFs and others_BATF,0.00012524071207276825
TFs and others_FOXA2,0.00044983287437309134
TFs and others_POU5F1,0.00016280367217439673
TFs and others_CTCFL,4.971936967355674e-05
TFs and others_EP300,0.00011401388512042791
TFs and others_SNAI2,7.566441421036471e-05
TFs and others_JUND,7.450690152516325e-05
TFs and others_E2F1,6.41028390344168e-05
Histone_H2AT120ph,1.564348971887584e-05
TFs and others_ZC3H11A,3.7615053123044424e-06
TFs and others_ZNF750,7.037191813270384e-06
TFs and others_SMAD1,5.139637597220146e-06
TFs and others_LHX2,6.348236408161597e-06
TFs and others_LHX6,3.3571010697566744e-06
TFs and others_ZNF12,3.6849680660918953e-06
TFs and others_FOXO4,5.262445933982166e-05
Histone_H3K4ac,0.0002250813971027377
TFs and others_FOSL2,0.0002258877165013951
TFs and others_ARRB1,5.355184258212608e-05
TFs and others_SETX,2.697420597585189e-05
TFs and others_VDR,8.43578452241725e-05
TFs and others_NCOA2,3.112290727131184e-05
TFs and others_MPHOSPH8,9.853608248373159e-06
TFs and others_AATF,9.962302873148049e-06
TFs and others_ICE1,4.528683625097187e-05
TFs and others_ZNF366,0.00017536488715329832
TFs and others_TEAD4,0.00022822096426540334
TFs and others_EGFR,5.8074548319515795e-05
TFs and others_POU3F2,4.035995703325139e-06
RNA polymerase_POLR3G,3.969882297097448e-06
TFs and others_HOXA11,1.3412616246479721e-05
TFs and others_RNF2,5.1087735147929416e-05
TFs and others_ARID2,3.688263943371747e-05
TFs and others_ZFP42,7.700636023958348e-06
TFs and others_CDX1,1.4647327139790154e-06
TFs and others_KLF15,1.7504558662885905e-06
TFs and others_TCF7L1,1.7709723814232748e-06
TFs and others_PHF6,1.5677003674878162e-06
TFs and others_NKX2-8,9.610809234367649e-07
TFs and others_TCFL5,2.58164797120475e-06
TFs and others_NR1H3,1.7857876735413065e-05
TFs and others_INTS13,3.6068155653999565e-05
TFs and others_KLF13,1.1705917573308542e-05
TFs and others_PRKDC,1.571073304857509e-05
TFs and others_HNF4A,4.778160106279678e-05
TFs and others_SMC4,1.5137390139913523e-05
TFs and others_Hepatitis B Virus X antigen,4.6832778895614315e-06
TFs and others_MYOG,1.5655222458011652e-05
TFs and others_RUNX1T1,4.664120126833576e-05
Histone_H4K4me3,0.00012079189196462938
TFs and others_ZNF280D,5.30181495847742e-05
TFs and others_IRF2,0.0005663182220954816
TFs and others_BRD4,0.002091705030800053
TFs and others_SMARCB1,0.0006283830790615233
TFs and others_WHSC1,4.6859936350594926e-05
TFs and others_ARNTL,0.00034188246935618787
Histone_H3K9me3,0.0012443791293879553
TFs and others_HEYL,0.0003719883138979117
TFs and others_SMN1,3.201923500252926e-05
TFs and others_pFM2,2.696756710124781e-05
TFs and others_SIPA1,2.2884270472363422e-05
Histone_H3K14me3,1.5434025154813838e-05
Histone_H3R2me2,1.7015227504230687e-06
TFs and others_RELB,-1.5804376872062068e-05
TFs and others_ZNF395,-4.9496011208515475e-06
TFs and others_PITX1,-5.889170841889155e-07
TFs and others_FOXJ2,-7.172251163496188e-07
TFs and others_SALL3,-6.141850110048059e-07
TFs and others_SOD1,2.2307915547724004e-06
TFs and others_GATAD1,1.0978275445559813e-05
TFs and others_ZEB2,4.614097859828739e-06
Histone_H3K79me1,1.7551825510155092e-06
Histone_H2,3.1401695217321633e-06
TFs and others_SMCHD1,3.2152264500963993e-06
TFs and others_LMTK3,0.00011078842956054624
TFs and others_NR3C1,0.0004155100988665123
TFs and others_E2F8,0.00013094617771751253
TFs and others_NR1H2,0.00027754029105926404
TFs and others_MYC,0.0010662369775569364
TFs and others_BATF3,0.0009504504703356521
TFs and others_PHOX2B,0.0006261829536139894
TFs and others_INTS12,0.00020357043978394356
TFs and others_NKX2-5,4.878889975663058e-05
TFs and others_CARM1,2.0593145076782267e-05
TFs and others_CBX8,9.457057479722233e-06
TFs and others_RPA2,5.48008977144053e-06
TFs and others_HMGB2,7.793358418877543e-06
TFs and others_ZBTB33,8.745894447333442e-06
TFs and others_APC,1.2480284387121719e-05
TFs and others_SSRP1,2.71870719377305e-05
TFs and others_TET1,1.1720820934162081e-05
TFs and others_KMT2C,1.8941513896825695e-05
TFs and others_SUPT6H,1.0321763487598675e-05
TFs and others_HESX1,0.00011275907113123962
TFs and others_DMC1,0.00040186851996351544
Histone_H3K4ox,0.00018316605377084524
TFs and others_CUL4A,7.096562153652252e-05
TFs and others_HOXB1,3.176542566537681e-05
TFs and others_LMO1,0.00013263407472159763
TFs and others_NUP98,0.0002942922741581228
TFs and others_NAB2,0.00035328699625842696
TFs and others_PAF1,0.0001914672406092925
